{
    "metric_name": "ndcg@10",
    "metric_value": 0.8397040465690616,
    "details": {
        "optimal_distance_metric": "euclidean_distance",
        "val_scores": {
            "cosine_similarity": {
                "accuracy@1": 0.7795275590551181,
                "accuracy@3": 0.8818897637795275,
                "accuracy@5": 0.9212598425196851,
                "accuracy@10": 0.9606299212598425,
                "accuracy@20": 0.984251968503937,
                "accuracy@30": 0.984251968503937,
                "accuracy@50": 0.9921259842519685,
                "ndcg@10": 0.8711240169290758,
                "mrr@50": 0.8442992702835224
            },
            "dot_score": {
                "accuracy@1": 0.7322834645669292,
                "accuracy@3": 0.8661417322834646,
                "accuracy@5": 0.905511811023622,
                "accuracy@10": 0.937007874015748,
                "accuracy@20": 0.9606299212598425,
                "accuracy@30": 0.968503937007874,
                "accuracy@50": 0.9921259842519685,
                "ndcg@10": 0.8390457548672959,
                "mrr@50": 0.8096688065744143
            },
            "euclidean_distance": {
                "accuracy@1": 0.7874015748031497,
                "accuracy@3": 0.8661417322834646,
                "accuracy@5": 0.9133858267716536,
                "accuracy@10": 0.9606299212598425,
                "accuracy@20": 0.984251968503937,
                "accuracy@30": 0.984251968503937,
                "accuracy@50": 0.984251968503937,
                "ndcg@10": 0.8712551625604255,
                "mrr@50": 0.8445850518685165
            }
        },
        "test_scores": {
            "euclidean_distance": {
                "accuracy@1": 0.7294117647058823,
                "accuracy@3": 0.8686274509803922,
                "accuracy@5": 0.9058823529411765,
                "accuracy@10": 0.9450980392156862,
                "accuracy@20": 0.9627450980392157,
                "accuracy@30": 0.9647058823529412,
                "accuracy@50": 0.9745098039215686,
                "ndcg@10": 0.8397040465690616,
                "mrr@50": 0.8072710884746485
            }
        }
    }
}