{
  "metric_name": "ndcg@10",
  "metric_value": 0.039360580771808464,
  "details": {
    "optimal_distance_metric": "cosine_similarity",
    "val_scores": {
      "cosine_similarity": {
        "accuracy@1": 0.0196078431372549,
        "accuracy@3": 0.0392156862745098,
        "accuracy@5": 0.049019607843137254,
        "accuracy@10": 0.06274509803921569,
        "accuracy@20": 0.10980392156862745,
        "accuracy@30": 0.14901960784313725,
        "accuracy@50": 0.2,
        "ndcg@10": 0.039360580771808464,
        "mrr@50": 0.038355770725616814
      },
      "dot_score": {
        "accuracy@1": 0.0196078431372549,
        "accuracy@3": 0.0392156862745098,
        "accuracy@5": 0.049019607843137254,
        "accuracy@10": 0.06274509803921569,
        "accuracy@20": 0.10980392156862745,
        "accuracy@30": 0.14901960784313725,
        "accuracy@50": 0.2,
        "ndcg@10": 0.039360580771808464,
        "mrr@50": 0.038355770725616814
      },
      "euclidean_distance": {
        "accuracy@1": 0.0196078431372549,
        "accuracy@3": 0.0392156862745098,
        "accuracy@5": 0.049019607843137254,
        "accuracy@10": 0.06274509803921569,
        "accuracy@20": 0.10980392156862745,
        "accuracy@30": 0.14901960784313725,
        "accuracy@50": 0.2,
        "ndcg@10": 0.039360580771808464,
        "mrr@50": 0.038355770725616814
      }
    },
    "test_scores": {
      "cosine_similarity": {
        "accuracy@1": 0.0196078431372549,
        "accuracy@3": 0.0392156862745098,
        "accuracy@5": 0.049019607843137254,
        "accuracy@10": 0.06274509803921569,
        "accuracy@20": 0.10980392156862745,
        "accuracy@30": 0.14901960784313725,
        "accuracy@50": 0.2,
        "ndcg@10": 0.039360580771808464,
        "mrr@50": 0.038355770725616814
      }
    }
  },
  "predictions": null
}