{
  "count_mode": "raw",
  "max_length": 512,
  "query": {
    "n": 200,
    "mean": 19957.845,
    "median": 18628.0,
    "p95": 31878.199999999968,
    "p99": 38561.409999999916,
    "max": 51186,
    "over_512": 1.0,
    "over_1024": 1.0
  }
}