{
  "metric_name": "ndcg@10",
  "metric_value": 0.8940849441978039,
  "details": {
    "optimal_distance_metric": "cosine_similarity",
    "val_scores": {
      "cosine_similarity": {
        "accuracy@1": 0.8215686274509804,
        "accuracy@3": 0.9117647058823529,
        "accuracy@5": 0.9450980392156862,
        "accuracy@10": 0.9607843137254902,
        "accuracy@20": 0.9725490196078431,
        "accuracy@30": 0.9784313725490196,
        "accuracy@50": 0.9823529411764705,
        "ndcg@10": 0.8940849441978039,
        "mrr@50": 0.8733969392072997
      },
      "dot_score": {
        "accuracy@1": 0.8215686274509804,
        "accuracy@3": 0.9117647058823529,
        "accuracy@5": 0.9450980392156862,
        "accuracy@10": 0.9607843137254902,
        "accuracy@20": 0.9725490196078431,
        "accuracy@30": 0.9784313725490196,
        "accuracy@50": 0.9823529411764705,
        "ndcg@10": 0.8940849441978039,
        "mrr@50": 0.8733969392072997
      },
      "euclidean_distance": {
        "accuracy@1": 0.8215686274509804,
        "accuracy@3": 0.9117647058823529,
        "accuracy@5": 0.9450980392156862,
        "accuracy@10": 0.9607843137254902,
        "accuracy@20": 0.9725490196078431,
        "accuracy@30": 0.9784313725490196,
        "accuracy@50": 0.9823529411764705,
        "ndcg@10": 0.8940849441978039,
        "mrr@50": 0.8733969392072997
      }
    },
    "test_scores": {
      "cosine_similarity": {
        "accuracy@1": 0.8215686274509804,
        "accuracy@3": 0.9117647058823529,
        "accuracy@5": 0.9450980392156862,
        "accuracy@10": 0.9607843137254902,
        "accuracy@20": 0.9725490196078431,
        "accuracy@30": 0.9784313725490196,
        "accuracy@50": 0.9823529411764705,
        "ndcg@10": 0.8940849441978039,
        "mrr@50": 0.8733969392072997
      }
    }
  },
  "predictions": null
}