{
  "metric_name": "ndcg@10",
  "metric_value": 0.9029188935977431,
  "details": {
    "optimal_distance_metric": "cosine_similarity",
    "val_scores": {
      "cosine_similarity": {
        "accuracy@1": 0.8431372549019608,
        "accuracy@3": 0.9235294117647059,
        "accuracy@5": 0.9372549019607843,
        "accuracy@10": 0.9588235294117647,
        "accuracy@20": 0.9686274509803922,
        "accuracy@30": 0.9784313725490196,
        "accuracy@50": 0.984313725490196,
        "ndcg@10": 0.9029188935977431,
        "mrr@50": 0.8860435249712075
      },
      "dot_score": {
        "accuracy@1": 0.7313725490196078,
        "accuracy@3": 0.8627450980392157,
        "accuracy@5": 0.9117647058823529,
        "accuracy@10": 0.9392156862745098,
        "accuracy@20": 0.9549019607843138,
        "accuracy@30": 0.9568627450980393,
        "accuracy@50": 0.9627450980392157,
        "ndcg@10": 0.8366238284978176,
        "mrr@50": 0.804610017826969
      },
      "euclidean_distance": {
        "accuracy@1": 0.22745098039215686,
        "accuracy@3": 0.28431372549019607,
        "accuracy@5": 0.3176470588235294,
        "accuracy@10": 0.3980392156862745,
        "accuracy@20": 0.8627450980392157,
        "accuracy@30": 0.9215686274509803,
        "accuracy@50": 0.9509803921568627,
        "ndcg@10": 0.29965510155909014,
        "mrr@50": 0.3030282927085644
      }
    },
    "test_scores": {
      "cosine_similarity": {
        "accuracy@1": 0.8431372549019608,
        "accuracy@3": 0.9235294117647059,
        "accuracy@5": 0.9372549019607843,
        "accuracy@10": 0.9588235294117647,
        "accuracy@20": 0.9686274509803922,
        "accuracy@30": 0.9784313725490196,
        "accuracy@50": 0.984313725490196,
        "ndcg@10": 0.9029188935977431,
        "mrr@50": 0.8860435249712075
      }
    }
  },
  "predictions": null
}