{
  "metric_name": "ndcg@10",
  "metric_value": 0.9044389931055391,
  "details": {
    "optimal_distance_metric": "cosine_similarity",
    "val_scores": {
      "cosine_similarity": {
        "accuracy@1": 0.8470588235294118,
        "accuracy@3": 0.9274509803921569,
        "accuracy@5": 0.9372549019607843,
        "accuracy@10": 0.9588235294117647,
        "accuracy@20": 0.9705882352941176,
        "accuracy@30": 0.9764705882352941,
        "accuracy@50": 0.984313725490196,
        "ndcg@10": 0.9044389931055391,
        "mrr@50": 0.8881360771421324
      },
      "dot_score": {
        "accuracy@1": 0.8470588235294118,
        "accuracy@3": 0.9274509803921569,
        "accuracy@5": 0.9372549019607843,
        "accuracy@10": 0.9588235294117647,
        "accuracy@20": 0.9705882352941176,
        "accuracy@30": 0.9764705882352941,
        "accuracy@50": 0.984313725490196,
        "ndcg@10": 0.9044389931055391,
        "mrr@50": 0.8881360771421324
      },
      "euclidean_distance": {
        "accuracy@1": 0.8470588235294118,
        "accuracy@3": 0.9274509803921569,
        "accuracy@5": 0.9372549019607843,
        "accuracy@10": 0.9588235294117647,
        "accuracy@20": 0.9705882352941176,
        "accuracy@30": 0.9764705882352941,
        "accuracy@50": 0.984313725490196,
        "ndcg@10": 0.9044389931055391,
        "mrr@50": 0.8881360771421324
      }
    },
    "test_scores": {
      "cosine_similarity": {
        "accuracy@1": 0.8470588235294118,
        "accuracy@3": 0.9274509803921569,
        "accuracy@5": 0.9372549019607843,
        "accuracy@10": 0.9588235294117647,
        "accuracy@20": 0.9705882352941176,
        "accuracy@30": 0.9764705882352941,
        "accuracy@50": 0.984313725490196,
        "ndcg@10": 0.9044389931055391,
        "mrr@50": 0.8881360771421324
      }
    }
  },
  "predictions": null
}