{
  "metric_name": "ndcg@10",
  "metric_value": 0.016483852224009773,
  "details": {
    "optimal_distance_metric": "cosine_similarity",
    "val_scores": {
      "cosine_similarity": {
        "accuracy@1": 0.01023391812865497,
        "accuracy@3": 0.014912280701754385,
        "accuracy@5": 0.0195906432748538,
        "accuracy@10": 0.024269005847953218,
        "accuracy@20": 0.030116959064327486,
        "accuracy@30": 0.031871345029239766,
        "accuracy@50": 0.03508771929824561,
        "ndcg@10": 0.016483852224009773,
        "mrr@50": 0.014630231328992573
      },
      "dot_score": {
        "accuracy@1": 0.009941520467836258,
        "accuracy@3": 0.014912280701754385,
        "accuracy@5": 0.0195906432748538,
        "accuracy@10": 0.024269005847953218,
        "accuracy@20": 0.030116959064327486,
        "accuracy@30": 0.031871345029239766,
        "accuracy@50": 0.03508771929824561,
        "ndcg@10": 0.016375936947276282,
        "mrr@50": 0.014483177534662692
      },
      "euclidean_distance": {
        "accuracy@1": 0.009941520467836258,
        "accuracy@3": 0.014912280701754385,
        "accuracy@5": 0.0195906432748538,
        "accuracy@10": 0.024269005847953218,
        "accuracy@20": 0.030116959064327486,
        "accuracy@30": 0.031871345029239766,
        "accuracy@50": 0.03508771929824561,
        "ndcg@10": 0.016375936947276282,
        "mrr@50": 0.014483177534662692
      }
    },
    "test_scores": {
      "cosine_similarity": {
        "accuracy@1": 0.01023391812865497,
        "accuracy@3": 0.014912280701754385,
        "accuracy@5": 0.0195906432748538,
        "accuracy@10": 0.024269005847953218,
        "accuracy@20": 0.030116959064327486,
        "accuracy@30": 0.031871345029239766,
        "accuracy@50": 0.03508771929824561,
        "ndcg@10": 0.016483852224009773,
        "mrr@50": 0.014630231328992573
      }
    }
  },
  "predictions": null
}