{
  "nlp_journal_title_abs": {
    "metric_name": "ndcg@10",
    "metric_value": 0.9722529773215777,
    "details": {
      "optimal_distance_metric": "cosine_similarity",
      "val_scores": {
        "cosine_similarity": {
          "accuracy@1": 0.9431372549019608,
          "accuracy@3": 0.9882352941176471,
          "accuracy@5": 0.9921568627450981,
          "accuracy@10": 0.9921568627450981,
          "accuracy@20": 0.9941176470588236,
          "accuracy@30": 0.996078431372549,
          "accuracy@50": 0.9980392156862745,
          "ndcg@10": 0.9722529773215777,
          "mrr@50": 0.9656224313087057
        },
        "dot_score": {
          "accuracy@1": 0.4117647058823529,
          "accuracy@3": 0.6686274509803921,
          "accuracy@5": 0.7764705882352941,
          "accuracy@10": 0.8941176470588236,
          "accuracy@20": 0.9647058823529412,
          "accuracy@30": 0.9803921568627451,
          "accuracy@50": 0.9882352941176471,
          "ndcg@10": 0.6459917763178817,
          "mrr@50": 0.5733822535118865
        },
        "euclidean_distance": {
          "accuracy@1": 0.9431372549019608,
          "accuracy@3": 0.9862745098039216,
          "accuracy@5": 0.9921568627450981,
          "accuracy@10": 0.9921568627450981,
          "accuracy@20": 0.9941176470588236,
          "accuracy@30": 0.9941176470588236,
          "accuracy@50": 0.996078431372549,
          "ndcg@10": 0.9718603239970718,
          "mrr@50": 0.9650493530745631
        }
      },
      "test_scores": {
        "cosine_similarity": {
          "accuracy@1": 0.9431372549019608,
          "accuracy@3": 0.9882352941176471,
          "accuracy@5": 0.9921568627450981,
          "accuracy@10": 0.9921568627450981,
          "accuracy@20": 0.9941176470588236,
          "accuracy@30": 0.996078431372549,
          "accuracy@50": 0.9980392156862745,
          "ndcg@10": 0.9722529773215777,
          "mrr@50": 0.9656224313087057
        }
      }
    },
    "predictions": null
  },
  "nlp_journal_title_intro": {
    "metric_name": "ndcg@10",
    "metric_value": 0.7850480431238936,
    "details": {
      "optimal_distance_metric": "cosine_similarity",
      "val_scores": {
        "cosine_similarity": {
          "accuracy@1": 0.6549019607843137,
          "accuracy@3": 0.8215686274509804,
          "accuracy@5": 0.8686274509803922,
          "accuracy@10": 0.903921568627451,
          "accuracy@20": 0.9274509803921569,
          "accuracy@30": 0.9372549019607843,
          "accuracy@50": 0.9509803921568627,
          "ndcg@10": 0.7850480431238936,
          "mrr@50": 0.7487736303851701
        },
        "dot_score": {
          "accuracy@1": 0.47843137254901963,
          "accuracy@3": 0.6882352941176471,
          "accuracy@5": 0.7568627450980392,
          "accuracy@10": 0.8254901960784313,
          "accuracy@20": 0.8745098039215686,
          "accuracy@30": 0.8980392156862745,
          "accuracy@50": 0.9196078431372549,
          "ndcg@10": 0.6503150346289275,
          "mrr@50": 0.5991789687151836
        },
        "euclidean_distance": {
          "accuracy@1": 0.6549019607843137,
          "accuracy@3": 0.8196078431372549,
          "accuracy@5": 0.8588235294117647,
          "accuracy@10": 0.8980392156862745,
          "accuracy@20": 0.9215686274509803,
          "accuracy@30": 0.9294117647058824,
          "accuracy@50": 0.9490196078431372,
          "ndcg@10": 0.783460936330888,
          "mrr@50": 0.7485327464416106
        }
      },
      "test_scores": {
        "cosine_similarity": {
          "accuracy@1": 0.6549019607843137,
          "accuracy@3": 0.8215686274509804,
          "accuracy@5": 0.8686274509803922,
          "accuracy@10": 0.903921568627451,
          "accuracy@20": 0.9274509803921569,
          "accuracy@30": 0.9372549019607843,
          "accuracy@50": 0.9509803921568627,
          "ndcg@10": 0.7850480431238936,
          "mrr@50": 0.7487736303851701
        }
      }
    },
    "predictions": null
  },
  "nlp_journal_abs_intro": {
    "metric_name": "ndcg@10",
    "metric_value": 0.9052922309553081,
    "details": {
      "optimal_distance_metric": "cosine_similarity",
      "val_scores": {
        "cosine_similarity": {
          "accuracy@1": 0.8470588235294118,
          "accuracy@3": 0.9235294117647059,
          "accuracy@5": 0.9372549019607843,
          "accuracy@10": 0.9607843137254902,
          "accuracy@20": 0.9705882352941176,
          "accuracy@30": 0.9784313725490196,
          "accuracy@50": 0.9823529411764705,
          "ndcg@10": 0.9052922309553081,
          "mrr@50": 0.8885236155250817
        },
        "dot_score": {
          "accuracy@1": 0.7196078431372549,
          "accuracy@3": 0.8490196078431372,
          "accuracy@5": 0.8960784313725491,
          "accuracy@10": 0.9411764705882353,
          "accuracy@20": 0.9607843137254902,
          "accuracy@30": 0.9666666666666667,
          "accuracy@50": 0.9745098039215686,
          "ndcg@10": 0.8296952554854846,
          "mrr@50": 0.7957297511849908
        },
        "euclidean_distance": {
          "accuracy@1": 0.8235294117647058,
          "accuracy@3": 0.9058823529411765,
          "accuracy@5": 0.9274509803921569,
          "accuracy@10": 0.9490196078431372,
          "accuracy@20": 0.9627450980392157,
          "accuracy@30": 0.9686274509803922,
          "accuracy@50": 0.9745098039215686,
          "ndcg@10": 0.888245361846459,
          "mrr@50": 0.8698792225551013
        }
      },
      "test_scores": {
        "cosine_similarity": {
          "accuracy@1": 0.8470588235294118,
          "accuracy@3": 0.9235294117647059,
          "accuracy@5": 0.9372549019607843,
          "accuracy@10": 0.9607843137254902,
          "accuracy@20": 0.9705882352941176,
          "accuracy@30": 0.9784313725490196,
          "accuracy@50": 0.9823529411764705,
          "ndcg@10": 0.9052922309553081,
          "mrr@50": 0.8885236155250817
        }
      }
    },
    "predictions": null
  },
  "nlp_journal_abs_article": {
    "metric_name": "ndcg@10",
    "metric_value": 0.9044785304140233,
    "details": {
      "optimal_distance_metric": "cosine_similarity",
      "val_scores": {
        "cosine_similarity": {
          "accuracy@1": 0.8392156862745098,
          "accuracy@3": 0.9254901960784314,
          "accuracy@5": 0.9450980392156862,
          "accuracy@10": 0.9647058823529412,
          "accuracy@20": 0.9745098039215686,
          "accuracy@30": 0.9764705882352941,
          "accuracy@50": 0.9823529411764705,
          "ndcg@10": 0.9044785304140233,
          "mrr@50": 0.8857707506847525
        },
        "dot_score": {
          "accuracy@1": 0.7196078431372549,
          "accuracy@3": 0.8627450980392157,
          "accuracy@5": 0.9137254901960784,
          "accuracy@10": 0.9450980392156862,
          "accuracy@20": 0.9705882352941176,
          "accuracy@30": 0.9803921568627451,
          "accuracy@50": 0.984313725490196,
          "ndcg@10": 0.8346753414806786,
          "mrr@50": 0.8012234629168618
        },
        "euclidean_distance": {
          "accuracy@1": 0.8215686274509804,
          "accuracy@3": 0.9156862745098039,
          "accuracy@5": 0.9313725490196079,
          "accuracy@10": 0.9568627450980393,
          "accuracy@20": 0.9705882352941176,
          "accuracy@30": 0.9725490196078431,
          "accuracy@50": 0.9764705882352941,
          "ndcg@10": 0.8922581819091855,
          "mrr@50": 0.8724304212760797
        }
      },
      "test_scores": {
        "cosine_similarity": {
          "accuracy@1": 0.8392156862745098,
          "accuracy@3": 0.9254901960784314,
          "accuracy@5": 0.9450980392156862,
          "accuracy@10": 0.9647058823529412,
          "accuracy@20": 0.9745098039215686,
          "accuracy@30": 0.9764705882352941,
          "accuracy@50": 0.9823529411764705,
          "ndcg@10": 0.9044785304140233,
          "mrr@50": 0.8857707506847525
        }
      }
    },
    "predictions": null
  },