{
  "nlp_journal_title_abs": {
    "metric_name": "ndcg@10",
    "metric_value": 0.597143637318689,
    "details": {
      "optimal_distance_metric": "euclidean_distance",
      "val_scores": {
        "cosine_similarity": {
          "accuracy@1": 0.26666666666666666,
          "accuracy@3": 0.6647058823529411,
          "accuracy@5": 0.7470588235294118,
          "accuracy@10": 0.8274509803921568,
          "accuracy@20": 0.8705882352941177,
          "accuracy@30": 0.9019607843137255,
          "accuracy@50": 0.9333333333333333,
          "ndcg@10": 0.5644046671633195,
          "mrr@50": 0.4835072804657539
        },
        "dot_score": {
          "accuracy@1": 0.00784313725490196,
          "accuracy@3": 0.23921568627450981,
          "accuracy@5": 0.3627450980392157,
          "accuracy@10": 0.5117647058823529,
          "accuracy@20": 0.611764705882353,
          "accuracy@30": 0.6450980392156863,
          "accuracy@50": 0.707843137254902,
          "ndcg@10": 0.23750257111696488,
          "mrr@50": 0.16213995515302573
        },
        "euclidean_distance": {
          "accuracy@1": 0.3137254901960784,
          "accuracy@3": 0.696078431372549,
          "accuracy@5": 0.7705882352941177,
          "accuracy@10": 0.8470588235294118,
          "accuracy@20": 0.8862745098039215,
          "accuracy@30": 0.9196078431372549,
          "accuracy@50": 0.9411764705882353,
          "ndcg@10": 0.597143637318689,
          "mrr@50": 0.5198896425933984
        }
      },
      "test_scores": {
        "euclidean_distance": {
          "accuracy@1": 0.3137254901960784,
          "accuracy@3": 0.696078431372549,
          "accuracy@5": 0.7705882352941177,
          "accuracy@10": 0.8470588235294118,
          "accuracy@20": 0.8862745098039215,
          "accuracy@30": 0.9196078431372549,
          "accuracy@50": 0.9411764705882353,
          "ndcg@10": 0.597143637318689,
          "mrr@50": 0.5198896425933984
        }
      }
    },
    "predictions": null
  },
  "nlp_journal_title_intro": {
    "metric_name": "ndcg@10",
    "metric_value": 0.38369721722132444,
    "details": {
      "optimal_distance_metric": "euclidean_distance",
      "val_scores": {
        "cosine_similarity": {
          "accuracy@1": 0.18627450980392157,
          "accuracy@3": 0.33137254901960783,
          "accuracy@5": 0.43529411764705883,
          "accuracy@10": 0.6019607843137255,
          "accuracy@20": 0.7254901960784313,
          "accuracy@30": 0.8019607843137255,
          "accuracy@50": 0.8450980392156863,
          "ndcg@10": 0.365001870240287,
          "mrr@50": 0.30508091195079695
        },
        "dot_score": {
          "accuracy@1": 0.056862745098039215,
          "accuracy@3": 0.09803921568627451,
          "accuracy@5": 0.17450980392156862,
          "accuracy@10": 0.3156862745098039,
          "accuracy@20": 0.4647058823529412,
          "accuracy@30": 0.5647058823529412,
          "accuracy@50": 0.6823529411764706,
          "ndcg@10": 0.1564809073333793,
          "mrr@50": 0.1269932809677928
        },
        "euclidean_distance": {
          "accuracy@1": 0.20588235294117646,
          "accuracy@3": 0.35294117647058826,
          "accuracy@5": 0.4549019607843137,
          "accuracy@10": 0.611764705882353,
          "accuracy@20": 0.7313725490196078,
          "accuracy@30": 0.7941176470588235,
          "accuracy@50": 0.8490196078431372,
          "ndcg@10": 0.38369721722132444,
          "mrr@50": 0.3259082602880901
        }
      },
      "test_scores": {
        "euclidean_distance": {
          "accuracy@1": 0.20588235294117646,
          "accuracy@3": 0.35294117647058826,
          "accuracy@5": 0.4549019607843137,
          "accuracy@10": 0.611764705882353,
          "accuracy@20": 0.7313725490196078,
          "accuracy@30": 0.7941176470588235,
          "accuracy@50": 0.8490196078431372,
          "ndcg@10": 0.38369721722132444,
          "mrr@50": 0.3259082602880901
        }
      }
    },
    "predictions": null
  },
  "nlp_journal_abs_intro": {
    "metric_name": "ndcg@10",
    "metric_value": 0.8967155898934293,
    "details": {
      "optimal_distance_metric": "euclidean_distance",
      "val_scores": {
        "cosine_similarity": {
          "accuracy@1": 0.8215686274509804,
          "accuracy@3": 0.9117647058823529,
          "accuracy@5": 0.9450980392156862,
          "accuracy@10": 0.9607843137254902,
          "accuracy@20": 0.9725490196078431,
          "accuracy@30": 0.9784313725490196,
          "accuracy@50": 0.9823529411764705,
          "ndcg@10": 0.8940849441978039,
          "mrr@50": 0.8733968558429567
        },
        "dot_score": {
          "accuracy@1": 0.6254901960784314,
          "accuracy@3": 0.7862745098039216,
          "accuracy@5": 0.8392156862745098,
          "accuracy@10": 0.9176470588235294,
          "accuracy@20": 0.9529411764705882,
          "accuracy@30": 0.9705882352941176,
          "accuracy@50": 0.9784313725490196,
          "ndcg@10": 0.7662298943759288,
          "mrr@50": 0.7219323095586836
        },
        "euclidean_distance": {
          "accuracy@1": 0.8274509803921568,
          "accuracy@3": 0.9117647058823529,
          "accuracy@5": 0.9392156862745098,
          "accuracy@10": 0.9647058823529412,
          "accuracy@20": 0.9745098039215686,
          "accuracy@30": 0.9764705882352941,
          "accuracy@50": 0.9764705882352941,
          "ndcg@10": 0.8967155898934293,
          "mrr@50": 0.8755290323121775
        }
      },
      "test_scores": {
        "euclidean_distance": {
          "accuracy@1": 0.8274509803921568,
          "accuracy@3": 0.9117647058823529,
          "accuracy@5": 0.9392156862745098,
          "accuracy@10": 0.9647058823529412,
          "accuracy@20": 0.9745098039215686,
          "accuracy@30": 0.9764705882352941,
          "accuracy@50": 0.9764705882352941,
          "ndcg@10": 0.8967155898934293,
          "mrr@50": 0.8755290323121775
        }
      }
    },
    "predictions": null
  },
  "nlp_journal_abs_article": {
    "metric_name": "ndcg@10",
    "metric_value": 0.9045996121049554,
    "details": {
      "optimal_distance_metric": "euclidean_distance",
      "val_scores": {
        "cosine_similarity": {
          "accuracy@1": 0.8333333333333334,
          "accuracy@3": 0.9215686274509803,
          "accuracy@5": 0.9529411764705882,
          "accuracy@10": 0.9666666666666667,
          "accuracy@20": 0.9725490196078431,
          "accuracy@30": 0.9764705882352941,
          "accuracy@50": 0.984313725490196,
          "ndcg@10": 0.9032982265408709,
          "mrr@50": 0.8832860827614456
        },
        "dot_score": {
          "accuracy@1": 0.711764705882353,
          "accuracy@3": 0.8470588235294118,
          "accuracy@5": 0.8960784313725491,
          "accuracy@10": 0.9431372549019608,
          "accuracy@20": 0.9666666666666667,
          "accuracy@30": 0.9764705882352941,
          "accuracy@50": 0.984313725490196,
          "ndcg@10": 0.82529714867123,
          "mrr@50": 0.7900050349320453
        },
        "euclidean_distance": {
          "accuracy@1": 0.8372549019607843,
          "accuracy@3": 0.9274509803921569,
          "accuracy@5": 0.9490196078431372,
          "accuracy@10": 0.9666666666666667,
          "accuracy@20": 0.9725490196078431,
          "accuracy@30": 0.9745098039215686,
          "accuracy@50": 0.9803921568627451,
          "ndcg@10": 0.9045996121049554,
          "mrr@50": 0.8848846300964144
        }
      },
      "test_scores": {
        "euclidean_distance": {
          "accuracy@1": 0.8372549019607843,
          "accuracy@3": 0.9274509803921569,
          "accuracy@5": 0.9490196078431372,
          "accuracy@10": 0.9666666666666667,
          "accuracy@20": 0.9725490196078431,
          "accuracy@30": 0.9745098039215686,
          "accuracy@50": 0.9803921568627451,
          "ndcg@10": 0.9045996121049554,
          "mrr@50": 0.8848846300964144
        }
      }
    },
    "predictions": null
  },