{
  "ruri_w8a16_abs_title_-6": {
    "nlp_journal_title_abs": {
      "metric_name": "ndcg@10",
      "metric_value": 0.9737003116212974,
      "details": {
        "optimal_distance_metric": "cosine_similarity",
        "val_scores": {
          "cosine_similarity": {
            "accuracy@1": 0.9470588235294117,
            "accuracy@3": 0.9882352941176471,
            "accuracy@5": 0.9921568627450981,
            "accuracy@10": 0.9921568627450981,
            "accuracy@20": 0.9941176470588236,
            "accuracy@30": 0.996078431372549,
            "accuracy@50": 0.9980392156862745,
            "ndcg@10": 0.9737003116212974,
            "mrr@50": 0.9675874053325032
          },
          "dot_score": {
            "accuracy@1": 0.0803921568627451,
            "accuracy@3": 0.11372549019607843,
            "accuracy@5": 0.11960784313725491,
            "accuracy@10": 0.13725490196078433,
            "accuracy@20": 0.1568627450980392,
            "accuracy@30": 0.17450980392156862,
            "accuracy@50": 0.21176470588235294,
            "ndcg@10": 0.10823427147348798,
            "mrr@50": 0.10209089515807604
          },
          "euclidean_distance": {
            "accuracy@1": 0.8470588235294118,
            "accuracy@3": 0.8901960784313725,
            "accuracy@5": 0.9019607843137255,
            "accuracy@10": 0.9215686274509803,
            "accuracy@20": 0.9313725490196079,
            "accuracy@30": 0.9352941176470588,
            "accuracy@50": 0.9509803921568627,
            "ndcg@10": 0.8844403358314181,
            "mrr@50": 0.873920591383507
          }
        },
        "test_scores": {
          "cosine_similarity": {
            "accuracy@1": 0.9470588235294117,
            "accuracy@3": 0.9882352941176471,
            "accuracy@5": 0.9921568627450981,
            "accuracy@10": 0.9921568627450981,
            "accuracy@20": 0.9941176470588236,
            "accuracy@30": 0.996078431372549,
            "accuracy@50": 0.9980392156862745,
            "ndcg@10": 0.9737003116212974,
            "mrr@50": 0.9675874053325032
          }
        }
      },
      "predictions": null
    },
    "nlp_journal_title_intro": {
      "metric_name": "ndcg@10",
      "metric_value": 0.7822637111157459,
      "details": {
        "optimal_distance_metric": "cosine_similarity",
        "val_scores": {
          "cosine_similarity": {
            "accuracy@1": 0.6490196078431373,
            "accuracy@3": 0.8254901960784313,
            "accuracy@5": 0.8666666666666667,
            "accuracy@10": 0.9,
            "accuracy@20": 0.9313725490196079,
            "accuracy@30": 0.9352941176470588,
            "accuracy@50": 0.9509803921568627,
            "ndcg@10": 0.7822637111157459,
            "mrr@50": 0.7464079082526383
          },
          "dot_score": {
            "accuracy@1": 0.49607843137254903,
            "accuracy@3": 0.7019607843137254,
            "accuracy@5": 0.7764705882352941,
            "accuracy@10": 0.8490196078431372,
            "accuracy@20": 0.8764705882352941,
            "accuracy@30": 0.8960784313725491,
            "accuracy@50": 0.9254901960784314,
            "ndcg@10": 0.6711586418312601,
            "mrr@50": 0.6177850412549364
          },
          "euclidean_distance": {
            "accuracy@1": 0.09607843137254903,
            "accuracy@3": 0.18235294117647058,
            "accuracy@5": 0.2529411764705882,
            "accuracy@10": 0.4725490196078431,
            "accuracy@20": 0.8450980392156863,
            "accuracy@30": 0.8941176470588236,
            "accuracy@50": 0.9196078431372549,
            "ndcg@10": 0.24524669330393212,
            "mrr@50": 0.20730204914859668
          }
        },
        "test_scores": {
          "cosine_similarity": {
            "accuracy@1": 0.6490196078431373,
            "accuracy@3": 0.8254901960784313,
            "accuracy@5": 0.8666666666666667,
            "accuracy@10": 0.9,
            "accuracy@20": 0.9313725490196079,
            "accuracy@30": 0.9352941176470588,
            "accuracy@50": 0.9509803921568627,
            "ndcg@10": 0.7822637111157459,
            "mrr@50": 0.7464079082526383
          }
        }
      },
      "predictions": null
    },
    "nlp_journal_abs_intro": {
      "metric_name": "ndcg@10",
      "metric_value": 0.9044010956637492,
      "details": {
        "optimal_distance_metric": "cosine_similarity",
        "val_scores": {
          "cosine_similarity": {
            "accuracy@1": 0.8470588235294118,
            "accuracy@3": 0.9215686274509803,
            "accuracy@5": 0.9372549019607843,
            "accuracy@10": 0.9588235294117647,
            "accuracy@20": 0.9705882352941176,
            "accuracy@30": 0.9745098039215686,
            "accuracy@50": 0.9823529411764705,
            "ndcg@10": 0.9044010956637492,
            "mrr@50": 0.8880327976708681
          },
          "dot_score": {
            "accuracy@1": 0.7313725490196078,
            "accuracy@3": 0.8470588235294118,
            "accuracy@5": 0.9,
            "accuracy@10": 0.9254901960784314,
            "accuracy@20": 0.9509803921568627,
            "accuracy@30": 0.9568627450980393,
            "accuracy@50": 0.9588235294117647,
            "ndcg@10": 0.8303951464986878,
            "mrr@50": 0.8017827259144867
          },
          "euclidean_distance": {
            "accuracy@1": 0.24313725490196078,
            "accuracy@3": 0.31176470588235294,
            "accuracy@5": 0.3568627450980392,
            "accuracy@10": 0.5274509803921569,
            "accuracy@20": 0.903921568627451,
            "accuracy@30": 0.9411764705882353,
            "accuracy@50": 0.9666666666666667,
            "ndcg@10": 0.3538821402953693,
            "mrr@50": 0.3317012980582036
          }
        },
        "test_scores": {
          "cosine_similarity": {
            "accuracy@1": 0.8470588235294118,
            "accuracy@3": 0.9215686274509803,
            "accuracy@5": 0.9372549019607843,
            "accuracy@10": 0.9588235294117647,
            "accuracy@20": 0.9705882352941176,
            "accuracy@30": 0.9745098039215686,
            "accuracy@50": 0.9823529411764705,
            "ndcg@10": 0.9044010956637492,
            "mrr@50": 0.8880327976708681
          }
        }
      },
      "predictions": null
    },
    "nlp_journal_abs_article": {
      "metric_name": "ndcg@10",
      "metric_value": 0.9036590596466366,
      "details": {
        "optimal_distance_metric": "cosine_similarity",
        "val_scores": {
          "cosine_similarity": {
            "accuracy@1": 0.8392156862745098,
            "accuracy@3": 0.9235294117647059,
            "accuracy@5": 0.9470588235294117,
            "accuracy@10": 0.9627450980392157,
            "accuracy@20": 0.9745098039215686,
            "accuracy@30": 0.9764705882352941,
            "accuracy@50": 0.9823529411764705,
            "ndcg@10": 0.9036590596466366,
            "mrr@50": 0.8854221569611593
          },
          "dot_score": {
            "accuracy@1": 0.7313725490196078,
            "accuracy@3": 0.8627450980392157,
            "accuracy@5": 0.9156862745098039,
            "accuracy@10": 0.9509803921568627,
            "accuracy@20": 0.9705882352941176,
            "accuracy@30": 0.9764705882352941,
            "accuracy@50": 0.9803921568627451,
            "ndcg@10": 0.8414783321663196,
            "mrr@50": 0.8080983659163054
          },
          "euclidean_distance": {
            "accuracy@1": 0.7803921568627451,
            "accuracy@3": 0.8823529411764706,
            "accuracy@5": 0.9098039215686274,
            "accuracy@10": 0.9372549019607843,
            "accuracy@20": 0.9549019607843138,
            "accuracy@30": 0.9647058823529412,
            "accuracy@50": 0.9745098039215686,
            "ndcg@10": 0.8609111824551197,
            "mrr@50": 0.8381894109462895
          }
        },