{
  "nlp_journal_title_abs": {
    "metric_name": "ndcg@10",
    "metric_value": 0.9719962523145749,
    "details": {
      "optimal_distance_metric": "cosine_similarity",
      "val_scores": {
        "cosine_similarity": {
          "accuracy@1": 0.9431372549019608,
          "accuracy@3": 0.9882352941176471,
          "accuracy@5": 0.9921568627450981,
          "accuracy@10": 0.9921568627450981,
          "accuracy@20": 0.9941176470588236,
          "accuracy@30": 0.996078431372549,
          "accuracy@50": 0.9980392156862745,
          "ndcg@10": 0.9719962523145749,
          "mrr@50": 0.9653121533513689
        },
        "dot_score": {
          "accuracy@1": 0.09019607843137255,
          "accuracy@3": 0.12352941176470589,
          "accuracy@5": 0.13137254901960785,
          "accuracy@10": 0.1450980392156863,
          "accuracy@20": 0.16666666666666666,
          "accuracy@30": 0.1803921568627451,
          "accuracy@50": 0.2235294117647059,
          "ndcg@10": 0.11795243143839756,
          "mrr@50": 0.11232840695003886
        },
        "euclidean_distance": {
          "accuracy@1": 0.7490196078431373,
          "accuracy@3": 0.8176470588235294,
          "accuracy@5": 0.8274509803921568,
          "accuracy@10": 0.8431372549019608,
          "accuracy@20": 0.8627450980392157,
          "accuracy@30": 0.8666666666666667,
          "accuracy@50": 0.8745098039215686,
          "ndcg@10": 0.7997650392781733,
          "mrr@50": 0.7873633182379555
        }
      },
      "test_scores": {
        "cosine_similarity": {
          "accuracy@1": 0.9431372549019608,
          "accuracy@3": 0.9882352941176471,
          "accuracy@5": 0.9921568627450981,
          "accuracy@10": 0.9921568627450981,
          "accuracy@20": 0.9941176470588236,
          "accuracy@30": 0.996078431372549,
          "accuracy@50": 0.9980392156862745,
          "ndcg@10": 0.9719962523145749,
          "mrr@50": 0.9653121533513689
        }
      }
    },
    "predictions": null
  },
  "nlp_journal_title_intro": {
    "metric_name": "ndcg@10",
    "metric_value": 0.7810690875586163,
    "details": {
      "optimal_distance_metric": "cosine_similarity",
      "val_scores": {
        "cosine_similarity": {
          "accuracy@1": 0.6470588235294118,
          "accuracy@3": 0.8215686274509804,
          "accuracy@5": 0.8666666666666667,
          "accuracy@10": 0.9,
          "accuracy@20": 0.9313725490196079,
          "accuracy@30": 0.9352941176470588,
          "accuracy@50": 0.9509803921568627,
          "ndcg@10": 0.7810690875586163,
          "mrr@50": 0.7448595765428515
        },
        "dot_score": {
          "accuracy@1": 0.5196078431372549,
          "accuracy@3": 0.711764705882353,
          "accuracy@5": 0.7784313725490196,
          "accuracy@10": 0.8450980392156863,
          "accuracy@20": 0.8803921568627451,
          "accuracy@30": 0.8960784313725491,
          "accuracy@50": 0.9294117647058824,
          "ndcg@10": 0.6798969754981606,
          "mrr@50": 0.6311576965771265
        },
        "euclidean_distance": {
          "accuracy@1": 0.01764705882352941,
          "accuracy@3": 0.0196078431372549,
          "accuracy@5": 0.021568627450980392,
          "accuracy@10": 0.1392156862745098,
          "accuracy@20": 0.792156862745098,
          "accuracy@30": 0.8784313725490196,
          "accuracy@50": 0.9156862745098039,
          "ndcg@10": 0.05636592732404101,
          "mrr@50": 0.08095192920847954
        }
      },
      "test_scores": {
        "cosine_similarity": {
          "accuracy@1": 0.6470588235294118,
          "accuracy@3": 0.8215686274509804,
          "accuracy@5": 0.8666666666666667,
          "accuracy@10": 0.9,
          "accuracy@20": 0.9313725490196079,
          "accuracy@30": 0.9352941176470588,
          "accuracy@50": 0.9509803921568627,
          "ndcg@10": 0.7810690875586163,
          "mrr@50": 0.7448595765428515
        }
      }
    },
    "predictions": null
  },
  "nlp_journal_abs_intro": {
    "metric_name": "ndcg@10",
    "metric_value": 0.9043910056068103,
    "details": {
      "optimal_distance_metric": "cosine_similarity",
      "val_scores": {
        "cosine_similarity": {
          "accuracy@1": 0.8470588235294118,
          "accuracy@3": 0.9235294117647059,
          "accuracy@5": 0.9352941176470588,
          "accuracy@10": 0.9588235294117647,
          "accuracy@20": 0.9686274509803922,
          "accuracy@30": 0.9745098039215686,
          "accuracy@50": 0.9823529411764705,
          "ndcg@10": 0.9043910056068103,
          "mrr@50": 0.887982086842612
        },
        "dot_score": {
          "accuracy@1": 0.7333333333333333,
          "accuracy@3": 0.8568627450980392,
          "accuracy@5": 0.9058823529411765,
          "accuracy@10": 0.9372549019607843,
          "accuracy@20": 0.9549019607843138,
          "accuracy@30": 0.9568627450980393,
          "accuracy@50": 0.9607843137254902,
          "ndcg@10": 0.8358715822485197,
          "mrr@50": 0.804482882420934
        },
        "euclidean_distance": {
          "accuracy@1": 0.22549019607843138,
          "accuracy@3": 0.2784313725490196,
          "accuracy@5": 0.3058823529411765,
          "accuracy@10": 0.38823529411764707,
          "accuracy@20": 0.888235294117647,
          "accuracy@30": 0.9333333333333333,
          "accuracy@50": 0.9607843137254902,
          "ndcg@10": 0.2924593750604479,
          "mrr@50": 0.29961884605416916
        }
      },
      "test_scores": {
        "cosine_similarity": {
          "accuracy@1": 0.8470588235294118,
          "accuracy@3": 0.9235294117647059,
          "accuracy@5": 0.9352941176470588,
          "accuracy@10": 0.9588235294117647,
          "accuracy@20": 0.9686274509803922,
          "accuracy@30": 0.9745098039215686,
          "accuracy@50": 0.9823529411764705,
          "ndcg@10": 0.9043910056068103,
          "mrr@50": 0.887982086842612
        }
      }
    },
    "predictions": null
  },
  "nlp_journal_abs_article": {
    "metric_name": "ndcg@10",
    "metric_value": 0.9034624240908622,
    "details": {
      "optimal_distance_metric": "cosine_similarity",
      "val_scores": {
        "cosine_similarity": {
          "accuracy@1": 0.8392156862745098,
          "accuracy@3": 0.9235294117647059,
          "accuracy@5": 0.9490196078431372,
          "accuracy@10": 0.9627450980392157,
          "accuracy@20": 0.9725490196078431,
          "accuracy@30": 0.9764705882352941,
          "accuracy@50": 0.9784313725490196,
          "ndcg@10": 0.9034624240908622,
          "mrr@50": 0.8850971567979236
        },
        "dot_score": {
          "accuracy@1": 0.7313725490196078,
          "accuracy@3": 0.8705882352941177,
          "accuracy@5": 0.9196078431372549,
          "accuracy@10": 0.9549019607843138,
          "accuracy@20": 0.9705882352941176,
          "accuracy@30": 0.9745098039215686,
          "accuracy@50": 0.9803921568627451,
          "ndcg@10": 0.8449255791887519,
          "mrr@50": 0.8108641192785075
        },
        "euclidean_distance": {
          "accuracy@1": 0.7627450980392156,
          "accuracy@3": 0.8647058823529412,
          "accuracy@5": 0.903921568627451,
          "accuracy@10": 0.9294117647058824,
          "accuracy@20": 0.9529411764705882,
          "accuracy@30": 0.9627450980392157,
          "accuracy@50": 0.9705882352941176,
          "ndcg@10": 0.8476687996942894,
          "mrr@50": 0.8233913277720567
        }
      },
      "test_scores": {
        "cosine_similarity": {
          "accuracy@1": 0.8392156862745098,
          "accuracy@3": 0.9235294117647059,
          "accuracy@5": 0.9490196078431372,
          "accuracy@10": 0.9627450980392157,
          "accuracy@20": 0.9725490196078431,
          "accuracy@30": 0.9764705882352941,
          "accuracy@50": 0.9784313725490196,
          "ndcg@10": 0.9034624240908622,
          "mrr@50": 0.8850971567979236
        }
      }
    },
    "predictions": null
  },