{
  "nlp_journal_title_abs": {
    "metric_name": "ndcg@10",
    "metric_value": 0.9702770613798489,
    "details": {
      "optimal_distance_metric": "cosine_similarity",
      "val_scores": {
        "cosine_similarity": {
          "accuracy@1": 0.9392156862745098,
          "accuracy@3": 0.984313725490196,
          "accuracy@5": 0.9921568627450981,
          "accuracy@10": 0.9921568627450981,
          "accuracy@20": 0.9941176470588236,
          "accuracy@30": 0.9980392156862745,
          "accuracy@50": 0.9980392156862745,
          "ndcg@10": 0.9702770613798489,
          "mrr@50": 0.9630569561157796
        },
        "dot_score": {
          "accuracy@1": 0.1,
          "accuracy@3": 0.13529411764705881,
          "accuracy@5": 0.1392156862745098,
          "accuracy@10": 0.1568627450980392,
          "accuracy@20": 0.17058823529411765,
          "accuracy@30": 0.18627450980392157,
          "accuracy@50": 0.24313725490196078,
          "ndcg@10": 0.1283489566420903,
          "mrr@50": 0.1222962567224157
        },
        "euclidean_distance": {
          "accuracy@1": 0.49607843137254903,
          "accuracy@3": 0.5509803921568628,
          "accuracy@5": 0.5745098039215686,
          "accuracy@10": 0.6098039215686275,
          "accuracy@20": 0.6313725490196078,
          "accuracy@30": 0.6372549019607843,
          "accuracy@50": 0.6529411764705882,
          "ndcg@10": 0.549872963605976,
          "mrr@50": 0.5334336220469
        }
      },
      "test_scores": {
        "cosine_similarity": {
          "accuracy@1": 0.9392156862745098,
          "accuracy@3": 0.984313725490196,
          "accuracy@5": 0.9921568627450981,
          "accuracy@10": 0.9921568627450981,
          "accuracy@20": 0.9941176470588236,
          "accuracy@30": 0.9980392156862745,
          "accuracy@50": 0.9980392156862745,
          "ndcg@10": 0.9702770613798489,
          "mrr@50": 0.9630569561157796
        }
      }
    },
    "predictions": null
  },
  "nlp_journal_title_intro": {
    "metric_name": "ndcg@10",
    "metric_value": 0.7823807696398583,
    "details": {
      "optimal_distance_metric": "cosine_similarity",
      "val_scores": {
        "cosine_similarity": {
          "accuracy@1": 0.6490196078431373,
          "accuracy@3": 0.8176470588235294,
          "accuracy@5": 0.8647058823529412,
          "accuracy@10": 0.9019607843137255,
          "accuracy@20": 0.9313725490196079,
          "accuracy@30": 0.9372549019607843,
          "accuracy@50": 0.9509803921568627,
          "ndcg@10": 0.7823807696398583,
          "mrr@50": 0.7459262624699791
        },
        "dot_score": {
          "accuracy@1": 0.5372549019607843,
          "accuracy@3": 0.7196078431372549,
          "accuracy@5": 0.7823529411764706,
          "accuracy@10": 0.8450980392156863,
          "accuracy@20": 0.888235294117647,
          "accuracy@30": 0.9,
          "accuracy@50": 0.9352941176470588,
          "ndcg@10": 0.690303152992655,
          "mrr@50": 0.6451477933078555
        },
        "euclidean_distance": {
          "accuracy@1": 0.00980392156862745,
          "accuracy@3": 0.00980392156862745,
          "accuracy@5": 0.013725490196078431,
          "accuracy@10": 0.021568627450980392,
          "accuracy@20": 0.7058823529411765,
          "accuracy@30": 0.8294117647058824,
          "accuracy@50": 0.8784313725490196,
          "ndcg@10": 0.014001938154058842,
          "mrr@50": 0.0580065851102909
        }
      },
      "test_scores": {
        "cosine_similarity": {
          "accuracy@1": 0.6490196078431373,
          "accuracy@3": 0.8176470588235294,
          "accuracy@5": 0.8647058823529412,
          "accuracy@10": 0.9019607843137255,
          "accuracy@20": 0.9313725490196079,
          "accuracy@30": 0.9372549019607843,
          "accuracy@50": 0.9509803921568627,
          "ndcg@10": 0.7823807696398583,
          "mrr@50": 0.7459262624699791
        }
      }
    },
    "predictions": null
  },
  "nlp_journal_abs_intro": {
    "metric_name": "ndcg@10",
    "metric_value": 0.9029188935977431,
    "details": {
      "optimal_distance_metric": "cosine_similarity",
      "val_scores": {
        "cosine_similarity": {
          "accuracy@1": 0.8431372549019608,
          "accuracy@3": 0.9235294117647059,
          "accuracy@5": 0.9372549019607843,
          "accuracy@10": 0.9588235294117647,
          "accuracy@20": 0.9686274509803922,
          "accuracy@30": 0.9784313725490196,
          "accuracy@50": 0.984313725490196,
          "ndcg@10": 0.9029188935977431,
          "mrr@50": 0.8860435249712075
        },
        "dot_score": {
          "accuracy@1": 0.7313725490196078,
          "accuracy@3": 0.8627450980392157,
          "accuracy@5": 0.9117647058823529,
          "accuracy@10": 0.9392156862745098,
          "accuracy@20": 0.9549019607843138,
          "accuracy@30": 0.9568627450980393,
          "accuracy@50": 0.9627450980392157,
          "ndcg@10": 0.8366238284978176,
          "mrr@50": 0.804610017826969
        },
        "euclidean_distance": {
          "accuracy@1": 0.22745098039215686,
          "accuracy@3": 0.28431372549019607,
          "accuracy@5": 0.3176470588235294,
          "accuracy@10": 0.3980392156862745,
          "accuracy@20": 0.8627450980392157,
          "accuracy@30": 0.9215686274509803,
          "accuracy@50": 0.9509803921568627,
          "ndcg@10": 0.29965510155909014,
          "mrr@50": 0.3030282927085644
        }
      },
      "test_scores": {
        "cosine_similarity": {
          "accuracy@1": 0.8431372549019608,
          "accuracy@3": 0.9235294117647059,
          "accuracy@5": 0.9372549019607843,
          "accuracy@10": 0.9588235294117647,
          "accuracy@20": 0.9686274509803922,
          "accuracy@30": 0.9784313725490196,
          "accuracy@50": 0.984313725490196,
          "ndcg@10": 0.9029188935977431,
          "mrr@50": 0.8860435249712075
        }
      }
    },
    "predictions": null
  },
  "nlp_journal_abs_article": {
    "metric_name": "ndcg@10",
    "metric_value": 0.9048913733012673,
    "details": {
      "optimal_distance_metric": "cosine_similarity",
      "val_scores": {
        "cosine_similarity": {
          "accuracy@1": 0.8411764705882353,
          "accuracy@3": 0.9235294117647059,
          "accuracy@5": 0.9450980392156862,
          "accuracy@10": 0.9647058823529412,
          "accuracy@20": 0.9745098039215686,
          "accuracy@30": 0.9764705882352941,
          "accuracy@50": 0.9803921568627451,
          "ndcg@10": 0.9048913733012673,
          "mrr@50": 0.8862973263979455
        },
        "dot_score": {
          "accuracy@1": 0.7392156862745098,
          "accuracy@3": 0.8725490196078431,
          "accuracy@5": 0.9176470588235294,
          "accuracy@10": 0.9588235294117647,
          "accuracy@20": 0.9705882352941176,
          "accuracy@30": 0.9764705882352941,
          "accuracy@50": 0.9784313725490196,
          "ndcg@10": 0.8496100127157352,
          "mrr@50": 0.8155927740118074
        },
        "euclidean_distance": {
          "accuracy@1": 0.7509803921568627,
          "accuracy@3": 0.8372549019607843,
          "accuracy@5": 0.8803921568627451,
          "accuracy@10": 0.9098039215686274,
          "accuracy@20": 0.9392156862745098,
          "accuracy@30": 0.9549019607843138,
          "accuracy@50": 0.9607843137254902,
          "ndcg@10": 0.8294749111412302,
          "mrr@50": 0.8067266372981319
        }
      },
      "test_scores": {
        "cosine_similarity": {
          "accuracy@1": 0.8411764705882353,
          "accuracy@3": 0.9235294117647059,
          "accuracy@5": 0.9450980392156862,
          "accuracy@10": 0.9647058823529412,
          "accuracy@20": 0.9745098039215686,
          "accuracy@30": 0.9764705882352941,
          "accuracy@50": 0.9803921568627451,
          "ndcg@10": 0.9048913733012673,
          "mrr@50": 0.8862973263979455
        }
      }
    },
    "predictions": null
  }
}