{
  "metric_name": "ndcg@10",
  "metric_value": 0.3655670718718264,
  "details": {
    "optimal_distance_metric": "cosine_similarity",
    "val_scores": {
      "cosine_similarity": {
        "accuracy@1": 0.18823529411764706,
        "accuracy@3": 0.33137254901960783,
        "accuracy@5": 0.43333333333333335,
        "accuracy@10": 0.6019607843137255,
        "accuracy@20": 0.7235294117647059,
        "accuracy@30": 0.8,
        "accuracy@50": 0.8450980392156863,
        "ndcg@10": 0.3655670718718264,
        "mrr@50": 0.305828836419119
      },
      "dot_score": {
        "accuracy@1": 0.18823529411764706,
        "accuracy@3": 0.33137254901960783,
        "accuracy@5": 0.43333333333333335,
        "accuracy@10": 0.6019607843137255,
        "accuracy@20": 0.7235294117647059,
        "accuracy@30": 0.8,
        "accuracy@50": 0.8450980392156863,
        "ndcg@10": 0.3655670718718264,
        "mrr@50": 0.305828836419119
      },
      "euclidean_distance": {
        "accuracy@1": 0.18823529411764706,
        "accuracy@3": 0.33137254901960783,
        "accuracy@5": 0.43333333333333335,
        "accuracy@10": 0.6019607843137255,
        "accuracy@20": 0.7235294117647059,
        "accuracy@30": 0.8,
        "accuracy@50": 0.8450980392156863,
        "ndcg@10": 0.3655670718718264,
        "mrr@50": 0.305828836419119
      }
    },
    "test_scores": {
      "cosine_similarity": {
        "accuracy@1": 0.18823529411764706,
        "accuracy@3": 0.33137254901960783,
        "accuracy@5": 0.43333333333333335,
        "accuracy@10": 0.6019607843137255,
        "accuracy@20": 0.7235294117647059,
        "accuracy@30": 0.8,
        "accuracy@50": 0.8450980392156863,
        "ndcg@10": 0.3655670718718264,
        "mrr@50": 0.305828836419119
      }
    }
  },
  "predictions": null
}