{
  "metric_name": "ndcg@10",
  "metric_value": 0.784484805901859,
  "details": {
    "optimal_distance_metric": "cosine_similarity",
    "val_scores": {
      "cosine_similarity": {
        "accuracy@1": 0.6549019607843137,
        "accuracy@3": 0.8215686274509804,
        "accuracy@5": 0.8647058823529412,
        "accuracy@10": 0.903921568627451,
        "accuracy@20": 0.9313725490196079,
        "accuracy@30": 0.9411764705882353,
        "accuracy@50": 0.9529411764705882,
        "ndcg@10": 0.784484805901859,
        "mrr@50": 0.7481084112790083
      },
      "dot_score": {
        "accuracy@1": 0.6549019607843137,
        "accuracy@3": 0.8215686274509804,
        "accuracy@5": 0.8647058823529412,
        "accuracy@10": 0.903921568627451,
        "accuracy@20": 0.9313725490196079,
        "accuracy@30": 0.9411764705882353,
        "accuracy@50": 0.9529411764705882,
        "ndcg@10": 0.784484805901859,
        "mrr@50": 0.7481084112790083
      },
      "euclidean_distance": {
        "accuracy@1": 0.6549019607843137,
        "accuracy@3": 0.8215686274509804,
        "accuracy@5": 0.8647058823529412,
        "accuracy@10": 0.903921568627451,
        "accuracy@20": 0.9313725490196079,
        "accuracy@30": 0.9411764705882353,
        "accuracy@50": 0.9529411764705882,
        "ndcg@10": 0.784484805901859,
        "mrr@50": 0.7481084112790083
      }
    },
    "test_scores": {
      "cosine_similarity": {
        "accuracy@1": 0.6549019607843137,
        "accuracy@3": 0.8215686274509804,
        "accuracy@5": 0.8647058823529412,
        "accuracy@10": 0.903921568627451,
        "accuracy@20": 0.9313725490196079,
        "accuracy@30": 0.9411764705882353,
        "accuracy@50": 0.9529411764705882,
        "ndcg@10": 0.784484805901859,
        "mrr@50": 0.7481084112790083
      }
    }
  },
  "predictions": null
}