{
  "metric_name": "ndcg@10",
  "metric_value": 0.36496683405097796,
  "details": {
    "optimal_distance_metric": "cosine_similarity",
    "val_scores": {
      "cosine_similarity": {
        "accuracy@1": 0.18627450980392157,
        "accuracy@3": 0.33137254901960783,
        "accuracy@5": 0.43529411764705883,
        "accuracy@10": 0.6019607843137255,
        "accuracy@20": 0.7254901960784313,
        "accuracy@30": 0.8019607843137255,
        "accuracy@50": 0.8450980392156863,
        "ndcg@10": 0.36496683405097796,
        "mrr@50": 0.3050609366857236
      },
      "dot_score": {
        "accuracy@1": 0.18627450980392157,
        "accuracy@3": 0.33137254901960783,
        "accuracy@5": 0.43529411764705883,
        "accuracy@10": 0.6019607843137255,
        "accuracy@20": 0.7254901960784313,
        "accuracy@30": 0.8019607843137255,
        "accuracy@50": 0.8450980392156863,
        "ndcg@10": 0.36496683405097796,
        "mrr@50": 0.3050609366857236
      },
      "euclidean_distance": {
        "accuracy@1": 0.18627450980392157,
        "accuracy@3": 0.33137254901960783,
        "accuracy@5": 0.43529411764705883,
        "accuracy@10": 0.6019607843137255,
        "accuracy@20": 0.7254901960784313,
        "accuracy@30": 0.8019607843137255,
        "accuracy@50": 0.8450980392156863,
        "ndcg@10": 0.36496683405097796,
        "mrr@50": 0.3050609366857236
      }
    },
    "test_scores": {
      "cosine_similarity": {
        "accuracy@1": 0.18627450980392157,
        "accuracy@3": 0.33137254901960783,
        "accuracy@5": 0.43529411764705883,
        "accuracy@10": 0.6019607843137255,
        "accuracy@20": 0.7254901960784313,
        "accuracy@30": 0.8019607843137255,
        "accuracy@50": 0.8450980392156863,
        "ndcg@10": 0.36496683405097796,
        "mrr@50": 0.3050609366857236
      }
    }
  },
  "predictions": null
}