{
  "metric_name": "ndcg@10",
  "metric_value": 0.5644840012911798,
  "details": {
    "optimal_distance_metric": "cosine_similarity",
    "val_scores": {
      "cosine_similarity": {
        "accuracy@1": 0.26666666666666666,
        "accuracy@3": 0.6647058823529411,
        "accuracy@5": 0.7470588235294118,
        "accuracy@10": 0.8274509803921568,
        "accuracy@20": 0.8705882352941177,
        "accuracy@30": 0.9019607843137255,
        "accuracy@50": 0.9333333333333333,
        "ndcg@10": 0.5644840012911798,
        "mrr@50": 0.4836067016080687
      },
      "dot_score": {
        "accuracy@1": 0.26666666666666666,
        "accuracy@3": 0.6647058823529411,
        "accuracy@5": 0.7470588235294118,
        "accuracy@10": 0.8274509803921568,
        "accuracy@20": 0.8705882352941177,
        "accuracy@30": 0.9019607843137255,
        "accuracy@50": 0.9333333333333333,
        "ndcg@10": 0.5644840012911798,
        "mrr@50": 0.4836067016080687
      },
      "euclidean_distance": {
        "accuracy@1": 0.26666666666666666,
        "accuracy@3": 0.6647058823529411,
        "accuracy@5": 0.7470588235294118,
        "accuracy@10": 0.8274509803921568,
        "accuracy@20": 0.8705882352941177,
        "accuracy@30": 0.9019607843137255,
        "accuracy@50": 0.9333333333333333,
        "ndcg@10": 0.5644840012911798,
        "mrr@50": 0.4836067016080687
      }
    },
    "test_scores": {
      "cosine_similarity": {
        "accuracy@1": 0.26666666666666666,
        "accuracy@3": 0.6647058823529411,
        "accuracy@5": 0.7470588235294118,
        "accuracy@10": 0.8274509803921568,
        "accuracy@20": 0.8705882352941177,
        "accuracy@30": 0.9019607843137255,
        "accuracy@50": 0.9333333333333333,
        "ndcg@10": 0.5644840012911798,
        "mrr@50": 0.4836067016080687
      }
    }
  },
  "predictions": null
}