{
  "metric_name": "ndcg@10",
  "metric_value": 0.9737154432493008,
  "details": {
    "optimal_distance_metric": "cosine_similarity",
    "val_scores": {
      "cosine_similarity": {
        "accuracy@1": 0.9470588235294117,
        "accuracy@3": 0.9921568627450981,
        "accuracy@5": 0.9921568627450981,
        "accuracy@10": 0.9921568627450981,
        "accuracy@20": 0.996078431372549,
        "accuracy@30": 0.996078431372549,
        "accuracy@50": 0.9980392156862745,
        "ndcg@10": 0.9737154432493008,
        "mrr@50": 0.9676377217553687
      },
      "dot_score": {
        "accuracy@1": 0.9470588235294117,
        "accuracy@3": 0.9921568627450981,
        "accuracy@5": 0.9921568627450981,
        "accuracy@10": 0.9921568627450981,
        "accuracy@20": 0.996078431372549,
        "accuracy@30": 0.996078431372549,
        "accuracy@50": 0.9980392156862745,
        "ndcg@10": 0.9737154432493008,
        "mrr@50": 0.9676377217553687
      },
      "euclidean_distance": {
        "accuracy@1": 0.9470588235294117,
        "accuracy@3": 0.9921568627450981,
        "accuracy@5": 0.9921568627450981,
        "accuracy@10": 0.9921568627450981,
        "accuracy@20": 0.996078431372549,
        "accuracy@30": 0.996078431372549,
        "accuracy@50": 0.9980392156862745,
        "ndcg@10": 0.9737154432493008,
        "mrr@50": 0.9676377217553687
      }
    },
    "test_scores": {
      "cosine_similarity": {
        "accuracy@1": 0.9470588235294117,
        "accuracy@3": 0.9921568627450981,
        "accuracy@5": 0.9921568627450981,
        "accuracy@10": 0.9921568627450981,
        "accuracy@20": 0.996078431372549,
        "accuracy@30": 0.996078431372549,
        "accuracy@50": 0.9980392156862745,
        "ndcg@10": 0.9737154432493008,
        "mrr@50": 0.9676377217553687
      }
    }
  },
  "predictions": null
}