{
  "metric_name": "ndcg@10",
  "metric_value": 0.9702770613798489,
  "details": {
    "optimal_distance_metric": "cosine_similarity",
    "val_scores": {
      "cosine_similarity": {
        "accuracy@1": 0.9392156862745098,
        "accuracy@3": 0.984313725490196,
        "accuracy@5": 0.9921568627450981,
        "accuracy@10": 0.9921568627450981,
        "accuracy@20": 0.9941176470588236,
        "accuracy@30": 0.9980392156862745,
        "accuracy@50": 0.9980392156862745,
        "ndcg@10": 0.9702770613798489,
        "mrr@50": 0.9630569561157796
      },
      "dot_score": {
        "accuracy@1": 0.1,
        "accuracy@3": 0.13529411764705881,
        "accuracy@5": 0.1392156862745098,
        "accuracy@10": 0.1568627450980392,
        "accuracy@20": 0.17058823529411765,
        "accuracy@30": 0.18627450980392157,
        "accuracy@50": 0.24313725490196078,
        "ndcg@10": 0.1283489566420903,
        "mrr@50": 0.1222962567224157
      },
      "euclidean_distance": {
        "accuracy@1": 0.49607843137254903,
        "accuracy@3": 0.5509803921568628,
        "accuracy@5": 0.5745098039215686,
        "accuracy@10": 0.6098039215686275,
        "accuracy@20": 0.6313725490196078,
        "accuracy@30": 0.6372549019607843,
        "accuracy@50": 0.6529411764705882,
        "ndcg@10": 0.549872963605976,
        "mrr@50": 0.5334336220469
      }
    },
    "test_scores": {
      "cosine_similarity": {
        "accuracy@1": 0.9392156862745098,
        "accuracy@3": 0.984313725490196,
        "accuracy@5": 0.9921568627450981,
        "accuracy@10": 0.9921568627450981,
        "accuracy@20": 0.9941176470588236,
        "accuracy@30": 0.9980392156862745,
        "accuracy@50": 0.9980392156862745,
        "ndcg@10": 0.9702770613798489,
        "mrr@50": 0.9630569561157796
      }
    }
  },
  "predictions": null
}