{
    "metric_name": "ndcg@10",
    "metric_value": 0.9044389931055391,
    "details": {
        "optimal_distance_metric": "cosine_similarity",
        "val_scores": {
            "cosine_similarity": {
                "accuracy@1": 0.7874015748031497,
                "accuracy@3": 0.889763779527559,
                "accuracy@5": 0.9212598425196851,
                "accuracy@10": 0.952755905511811,
                "accuracy@20": 0.984251968503937,
                "accuracy@30": 0.984251968503937,
                "accuracy@50": 0.9921259842519685,
                "ndcg@10": 0.8712688917988856,
                "mrr@50": 0.8474590151755506
            },
            "dot_score": {
                "accuracy@1": 0.7401574803149606,
                "accuracy@3": 0.8740157480314961,
                "accuracy@5": 0.905511811023622,
                "accuracy@10": 0.937007874015748,
                "accuracy@20": 0.9606299212598425,
                "accuracy@30": 0.968503937007874,
                "accuracy@50": 0.9921259842519685,
                "ndcg@10": 0.8422710820120122,
                "mrr@50": 0.8141884823198636
            },
            "euclidean_distance": {
                "accuracy@1": 0.7795275590551181,
                "accuracy@3": 0.8740157480314961,
                "accuracy@5": 0.905511811023622,
                "accuracy@10": 0.9606299212598425,
                "accuracy@20": 0.984251968503937,
                "accuracy@30": 0.984251968503937,
                "accuracy@50": 0.984251968503937,
                "ndcg@10": 0.8685836967851653,
                "mrr@50": 0.8409698787651544
            }
        },
        "test_scores": {
            "cosine_similarity": {
                "accuracy@1": 0.8470588235294118,
                "accuracy@3": 0.9274509803921569,
                "accuracy@5": 0.9372549019607843,
                "accuracy@10": 0.9588235294117647,
                "accuracy@20": 0.9705882352941176,
                "accuracy@30": 0.9764705882352941,
                "accuracy@50": 0.984313725490196,
                "ndcg@10": 0.9044389931055391,
                "mrr@50": 0.8881360771421324
            }
        }
    }
}