{
  "count_mode": "raw",
  "max_length": 512,
  "query": {
    "n": 200,
    "mean": 299.665,
    "median": 287.5,
    "p95": 419.2999999999999,
    "p99": 439.06999999999994,
    "max": 453,
    "over_512": 0.0,
    "over_1024": 0.0
  }
}