{
  "count_mode": "raw",
  "max_length": 512,
  "query": {
    "n": 200,
    "mean": 9089.37,
    "median": 4100.0,
    "p95": 26124.399999999998,
    "p99": 31806.229999999985,
    "max": 45576,
    "over_512": 0.5,
    "over_1024": 0.5
  }
}